{
    "logging": { "level": "info" },
    "unicast": "192.168.118.135",
    "applications": [
      {
        "name": "GatewayService",  
        "id": "0x200",
        "services": [
          {
            "service": "0x1234",
            "instance": "0x5678",
            "unreliable": "30509",
            "methods": [
              { "method": "0x0421", "flags": ["response"] }
            ]
          }
        ]
      }
    ],
    "routing":"GatewayService",
  "service-discovery": {
      "enable": "true",
      "multicast": "224.224.224.245",
      "port": "30490",
      "protocol": "udp",
      "initial_delay_min": "10",
      "initial_delay_max": "100",
      "repetitions_base_delay": "200",
      "repetitions_max": "3",
      "ttl": "3",
      "cyclic_offer_delay": "2000",
      "request_response_delay": "1500"
  }
  }
  