  {
  "unicast": "192.168.118.135",
  "logging": {
      "level": "debug",
      "console": "true",
      "file": { "enable": "false", "path": "/tmp/vsomeip.log" },
      "dlt": "false"
  },
  "applications": [
      { "name": "Gateway2", "id": "0x333" }
  ],
  "clients": [
      {
          "service": "0x1234",
          "instance": "0x5678",
          "unreliable": "30509",
          "methods": [
              { "method": "0x0421", "flags": ["request"] }
            ]
      }
  ],
  "routing":"Gateway2",
  "service-discovery": {
      "enable": "true",
      "multicast": "224.224.224.245",
      "port": "30490",
      "protocol": "udp",
      "initial_delay_min": "10",
      "initial_delay_max": "100",
      "repetitions_base_delay": "200",
      "repetitions_max": "3",
      "ttl": "3",
      "cyclic_offer_delay": "2000",
      "request_response_delay": "1500"
  }
}